ID,Label
0.jpg,53
1.jpg,43
2.jpg,48
3.jpg,91
4.jpg,72
5.jpg,87
6.jpg,12
7.jpg,33
8.jpg,72
9.jpg,92
10.jpg,98
11.jpg,83
12.jpg,98
13.jpg,57
14.jpg,43
15.jpg,0
16.jpg,93
17.jpg,95
18.jpg,12
19.jpg,64
20.jpg,98
21.jpg,23
22.jpg,57
23.jpg,87
24.jpg,33
25.jpg,87
26.jpg,53
27.jpg,7
28.jpg,48
29.jpg,33
30.jpg,91
31.jpg,49
32.jpg,48
33.jpg,84
34.jpg,38
35.jpg,45
36.jpg,91
37.jpg,97
38.jpg,12
39.jpg,94
40.jpg,24
41.jpg,51
42.jpg,9
43.jpg,23
44.jpg,87
45.jpg,95
46.jpg,89
47.jpg,99
48.jpg,92
49.jpg,0
50.jpg,87
51.jpg,58
52.jpg,26
53.jpg,87
54.jpg,29
55.jpg,49
56.jpg,97
57.jpg,64
58.jpg,75
59.jpg,49
60.jpg,38
61.jpg,87
62.jpg,12
63.jpg,75
64.jpg,38
65.jpg,12
66.jpg,43
67.jpg,23
68.jpg,87
69.jpg,41
70.jpg,53
71.jpg,7
72.jpg,0
73.jpg,58
74.jpg,12
75.jpg,49
76.jpg,19
77.jpg,38
78.jpg,93
79.jpg,13
80.jpg,72
81.jpg,48
82.jpg,98
83.jpg,12
84.jpg,97
85.jpg,84
86.jpg,93
87.jpg,48
88.jpg,97
89.jpg,16
90.jpg,48
91.jpg,43
92.jpg,33
93.jpg,23
94.jpg,13
95.jpg,12
96.jpg,12
97.jpg,60
98.jpg,87
99.jpg,58
100.jpg,49
101.jpg,58
102.jpg,53
103.jpg,48
104.jpg,0
105.jpg,23
106.jpg,58
107.jpg,57
108.jpg,64
109.jpg,87
110.jpg,99
111.jpg,0
112.jpg,36
113.jpg,51
114.jpg,95
115.jpg,92
116.jpg,13
117.jpg,12
118.jpg,16
119.jpg,49
120.jpg,50
121.jpg,57
122.jpg,0
123.jpg,58
124.jpg,58
125.jpg,58
126.jpg,94
127.jpg,49
128.jpg,23
129.jpg,9
130.jpg,98
131.jpg,43
132.jpg,48
133.jpg,87
134.jpg,94
135.jpg,45
136.jpg,88
137.jpg,87
138.jpg,38
139.jpg,96
140.jpg,59
141.jpg,98
142.jpg,0
143.jpg,86
144.jpg,96
145.jpg,99
146.jpg,19
147.jpg,97
148.jpg,49
149.jpg,45
150.jpg,16
151.jpg,55
152.jpg,58
153.jpg,0
154.jpg,87
155.jpg,48
156.jpg,84
157.jpg,86
158.jpg,91
159.jpg,23
160.jpg,12
161.jpg,58
162.jpg,0
163.jpg,49
164.jpg,91
165.jpg,98
166.jpg,18
167.jpg,49
168.jpg,26
169.jpg,58
170.jpg,75
171.jpg,12
172.jpg,63
173.jpg,91
174.jpg,19
175.jpg,53
176.jpg,99
177.jpg,0
178.jpg,0
179.jpg,91
180.jpg,38
181.jpg,94
182.jpg,58
183.jpg,0
184.jpg,3
185.jpg,12
186.jpg,58
187.jpg,38
188.jpg,98
189.jpg,58
190.jpg,49
191.jpg,98
192.jpg,41
193.jpg,12
194.jpg,87
195.jpg,49
196.jpg,87
197.jpg,54
198.jpg,48
199.jpg,63
200.jpg,97
201.jpg,33
202.jpg,38
203.jpg,91
204.jpg,89
205.jpg,99
206.jpg,55
207.jpg,12
208.jpg,38
209.jpg,23
210.jpg,58
211.jpg,53
212.jpg,75
213.jpg,16
214.jpg,41
215.jpg,0
216.jpg,49
217.jpg,9
218.jpg,51
219.jpg,33
220.jpg,58
221.jpg,13
222.jpg,48
223.jpg,19
224.jpg,58
225.jpg,93
226.jpg,58
227.jpg,48
228.jpg,0
229.jpg,75
230.jpg,97
231.jpg,87
232.jpg,51
233.jpg,96
234.jpg,13
235.jpg,86
236.jpg,0
237.jpg,48
238.jpg,83
239.jpg,99
240.jpg,16
241.jpg,17
242.jpg,23
243.jpg,51
244.jpg,33
245.jpg,0
246.jpg,89
247.jpg,93
248.jpg,13
249.jpg,87
250.jpg,65
251.jpg,38
252.jpg,20
253.jpg,12
254.jpg,86
255.jpg,51
256.jpg,58
257.jpg,7
258.jpg,48
259.jpg,33
260.jpg,79
261.jpg,38
262.jpg,93
263.jpg,87
264.jpg,38
265.jpg,86
266.jpg,94
267.jpg,49
268.jpg,58
269.jpg,13
270.jpg,13
271.jpg,97
272.jpg,99
273.jpg,18
274.jpg,85
275.jpg,49
276.jpg,58
277.jpg,0
278.jpg,23
279.jpg,49
280.jpg,75
281.jpg,23
282.jpg,87
283.jpg,65
284.jpg,43
285.jpg,86
286.jpg,51
287.jpg,96
288.jpg,87
289.jpg,72
290.jpg,48
291.jpg,38
292.jpg,99
293.jpg,27
294.jpg,51
295.jpg,95
296.jpg,87
297.jpg,49
298.jpg,38
299.jpg,20
300.jpg,20
301.jpg,49
302.jpg,58
303.jpg,33
304.jpg,87
305.jpg,48
306.jpg,93
307.jpg,48
308.jpg,99
309.jpg,13
310.jpg,7
311.jpg,0
312.jpg,99
313.jpg,82
314.jpg,84
315.jpg,53
316.jpg,69
317.jpg,33
318.jpg,14
319.jpg,0
320.jpg,49
321.jpg,43
322.jpg,49
323.jpg,98
324.jpg,49
325.jpg,49
326.jpg,91
327.jpg,29
328.jpg,49
329.jpg,60
330.jpg,58
331.jpg,40
332.jpg,33
333.jpg,49
334.jpg,49
335.jpg,0
336.jpg,57
337.jpg,88
338.jpg,48
339.jpg,99
340.jpg,87
341.jpg,49
342.jpg,38
343.jpg,96
344.jpg,91
345.jpg,91
346.jpg,88
347.jpg,20
348.jpg,48
349.jpg,49
350.jpg,94
351.jpg,48
352.jpg,0
353.jpg,48
354.jpg,23
355.jpg,49
356.jpg,51
357.jpg,33
358.jpg,0
359.jpg,58
360.jpg,97
361.jpg,33
362.jpg,19
363.jpg,38
364.jpg,19
365.jpg,16
366.jpg,83
367.jpg,94
368.jpg,49
369.jpg,49
370.jpg,87
371.jpg,7
372.jpg,38
373.jpg,12
374.jpg,97
375.jpg,49
376.jpg,65
377.jpg,94
378.jpg,12
379.jpg,57
380.jpg,72
381.jpg,50
382.jpg,66
383.jpg,54
384.jpg,48
385.jpg,53
386.jpg,94
387.jpg,18
388.jpg,33
389.jpg,98
390.jpg,57
391.jpg,13
392.jpg,55
393.jpg,98
394.jpg,33
395.jpg,48
396.jpg,38
397.jpg,96
398.jpg,24
399.jpg,13
400.jpg,88
401.jpg,0
402.jpg,58
403.jpg,45
404.jpg,49
405.jpg,98
406.jpg,13
407.jpg,49
408.jpg,49
409.jpg,97
410.jpg,0
411.jpg,33
412.jpg,12
413.jpg,50
414.jpg,38
415.jpg,99
416.jpg,93
417.jpg,51
418.jpg,51
419.jpg,58
420.jpg,58
421.jpg,99
422.jpg,64
423.jpg,87
424.jpg,58
425.jpg,98
426.jpg,17
427.jpg,83
428.jpg,59
429.jpg,87
430.jpg,20
431.jpg,99
432.jpg,12
433.jpg,16
434.jpg,36
435.jpg,49
436.jpg,49
437.jpg,63
438.jpg,82
439.jpg,89
440.jpg,51
441.jpg,98
442.jpg,0
443.jpg,87
444.jpg,87
445.jpg,72
446.jpg,87
447.jpg,93
448.jpg,43
449.jpg,58
450.jpg,32
451.jpg,55
452.jpg,23
453.jpg,49
454.jpg,48
455.jpg,90
456.jpg,13
457.jpg,93
458.jpg,84
459.jpg,48
460.jpg,55
461.jpg,58
462.jpg,58
463.jpg,55
464.jpg,93
465.jpg,7
466.jpg,12
467.jpg,87
468.jpg,49
469.jpg,87
470.jpg,87
471.jpg,12
472.jpg,72
473.jpg,72
474.jpg,12
475.jpg,48
476.jpg,13
477.jpg,53
478.jpg,9
479.jpg,6
480.jpg,49
481.jpg,18
482.jpg,99
483.jpg,24
484.jpg,53
485.jpg,95
486.jpg,0
487.jpg,87
488.jpg,93
489.jpg,64
490.jpg,57
491.jpg,51
492.jpg,99
493.jpg,72
494.jpg,93
495.jpg,26
496.jpg,86
497.jpg,87
498.jpg,57
499.jpg,48
500.jpg,99
501.jpg,69
502.jpg,33
503.jpg,0
504.jpg,41
505.jpg,87
506.jpg,15
507.jpg,24
508.jpg,49
509.jpg,20
510.jpg,92
511.jpg,13
512.jpg,86
513.jpg,24
514.jpg,87
515.jpg,57
516.jpg,49
517.jpg,54
518.jpg,33
519.jpg,49
520.jpg,75
521.jpg,12
522.jpg,17
523.jpg,0
524.jpg,87
525.jpg,89
526.jpg,16
527.jpg,53
528.jpg,58
529.jpg,12
530.jpg,58
531.jpg,45
532.jpg,87
533.jpg,87
534.jpg,8
535.jpg,38
536.jpg,58
537.jpg,78
538.jpg,49
539.jpg,7
540.jpg,58
541.jpg,99
542.jpg,48
543.jpg,87
544.jpg,29
545.jpg,33
546.jpg,8
547.jpg,72
548.jpg,6
549.jpg,48
550.jpg,33
551.jpg,38
552.jpg,58
553.jpg,95
554.jpg,43
555.jpg,87
556.jpg,13
557.jpg,87
558.jpg,87
559.jpg,48
560.jpg,49
561.jpg,38
562.jpg,33
563.jpg,7
564.jpg,64
565.jpg,72
566.jpg,91
567.jpg,45
568.jpg,33
569.jpg,58
570.jpg,14
571.jpg,0
572.jpg,29
573.jpg,20
574.jpg,87
575.jpg,12
576.jpg,57
577.jpg,64
578.jpg,26
579.jpg,54
580.jpg,86
581.jpg,12
582.jpg,0
583.jpg,93
584.jpg,48
585.jpg,0
586.jpg,49
587.jpg,48
588.jpg,48
589.jpg,58
590.jpg,58
591.jpg,99
592.jpg,18
593.jpg,49
594.jpg,99
595.jpg,0
596.jpg,91
597.jpg,12
598.jpg,87
599.jpg,49
600.jpg,96
601.jpg,60
602.jpg,33
603.jpg,58
604.jpg,97
605.jpg,93
606.jpg,89
607.jpg,33
608.jpg,84
609.jpg,95
610.jpg,97
611.jpg,87
612.jpg,23
613.jpg,48
614.jpg,64
615.jpg,98
616.jpg,57
617.jpg,93
618.jpg,97
619.jpg,58
620.jpg,49
621.jpg,45
622.jpg,49
623.jpg,89
624.jpg,87
625.jpg,75
626.jpg,57
627.jpg,48
628.jpg,91
629.jpg,7
630.jpg,51
631.jpg,93
632.jpg,36
633.jpg,38
634.jpg,44
635.jpg,86
636.jpg,88
637.jpg,90
638.jpg,45
639.jpg,75
640.jpg,48
641.jpg,90
642.jpg,9
643.jpg,98
644.jpg,0
645.jpg,49
646.jpg,58
647.jpg,0
648.jpg,54
649.jpg,38
650.jpg,86
651.jpg,38
652.jpg,48
653.jpg,87
654.jpg,58
655.jpg,87
656.jpg,12
657.jpg,83
658.jpg,51
659.jpg,12
660.jpg,96
661.jpg,45
662.jpg,20
663.jpg,48
664.jpg,87
665.jpg,32
666.jpg,49
667.jpg,7
668.jpg,72
669.jpg,43
670.jpg,0
671.jpg,0
672.jpg,58
673.jpg,65
674.jpg,49
675.jpg,48
676.jpg,91
677.jpg,0
678.jpg,49
679.jpg,60
680.jpg,7
681.jpg,9
682.jpg,40
683.jpg,98
684.jpg,54
685.jpg,87
686.jpg,97
687.jpg,23
688.jpg,86
689.jpg,92
690.jpg,49
691.jpg,53
692.jpg,91
693.jpg,94
694.jpg,26
695.jpg,58
696.jpg,58
697.jpg,97
698.jpg,18
699.jpg,9
700.jpg,0
701.jpg,49
702.jpg,45
703.jpg,24
704.jpg,53
705.jpg,72
706.jpg,53
707.jpg,65
708.jpg,97
709.jpg,97
710.jpg,32
711.jpg,49
712.jpg,75
713.jpg,48
714.jpg,49
715.jpg,98
716.jpg,72
717.jpg,49
718.jpg,51
719.jpg,58
720.jpg,99
721.jpg,3
722.jpg,40
723.jpg,98
724.jpg,93
725.jpg,65
726.jpg,88
727.jpg,65
728.jpg,87
729.jpg,0
730.jpg,50
731.jpg,49
732.jpg,0
733.jpg,97
734.jpg,17
735.jpg,99
736.jpg,48
737.jpg,99
738.jpg,91
739.jpg,24
740.jpg,91
741.jpg,65
742.jpg,53
743.jpg,87
744.jpg,57
745.jpg,49
746.jpg,97
747.jpg,99
748.jpg,86
749.jpg,99
750.jpg,41
751.jpg,53
752.jpg,58
753.jpg,82
754.jpg,66
755.jpg,49
756.jpg,0
757.jpg,49
758.jpg,84
759.jpg,57
760.jpg,33
761.jpg,87
762.jpg,13
763.jpg,96
764.jpg,7
765.jpg,99
766.jpg,91
767.jpg,20
768.jpg,50
769.jpg,87
770.jpg,58
771.jpg,69
772.jpg,20
773.jpg,58
774.jpg,19
775.jpg,99
776.jpg,12
777.jpg,9
778.jpg,26
779.jpg,99
780.jpg,12
781.jpg,44
782.jpg,41
783.jpg,58
784.jpg,7
785.jpg,7
786.jpg,97
787.jpg,33
788.jpg,98
789.jpg,89
790.jpg,12
791.jpg,49
792.jpg,0
793.jpg,91
794.jpg,93
795.jpg,26
796.jpg,48
797.jpg,13
798.jpg,99
799.jpg,72
800.jpg,18
801.jpg,49
802.jpg,49
803.jpg,3
804.jpg,0
805.jpg,45
806.jpg,33
807.jpg,49
808.jpg,0
809.jpg,0
810.jpg,12
811.jpg,12
812.jpg,12
813.jpg,99
814.jpg,0
815.jpg,60
816.jpg,9
817.jpg,45
818.jpg,50
819.jpg,89
820.jpg,98
821.jpg,7
822.jpg,33
823.jpg,93
824.jpg,75
825.jpg,95
826.jpg,33
827.jpg,0
828.jpg,95
829.jpg,29
830.jpg,33
831.jpg,55
832.jpg,8
833.jpg,72
834.jpg,97
835.jpg,49
836.jpg,75
837.jpg,98
838.jpg,33
839.jpg,41
840.jpg,91
841.jpg,58
842.jpg,33
843.jpg,36
844.jpg,58
845.jpg,23
846.jpg,18
847.jpg,53
848.jpg,54
849.jpg,87
850.jpg,26
851.jpg,57
852.jpg,54
853.jpg,53
854.jpg,16
855.jpg,97
856.jpg,99
857.jpg,29
858.jpg,49
859.jpg,72
860.jpg,69
861.jpg,50
862.jpg,48
863.jpg,98
864.jpg,0
865.jpg,87
866.jpg,18
867.jpg,26
868.jpg,18
869.jpg,75
870.jpg,53
871.jpg,49
872.jpg,28
873.jpg,96
874.jpg,98
875.jpg,60
876.jpg,87
877.jpg,48
878.jpg,13
879.jpg,57
880.jpg,23
881.jpg,55
882.jpg,12
883.jpg,72
884.jpg,24
885.jpg,87
886.jpg,49
887.jpg,89
888.jpg,36
889.jpg,75
890.jpg,95
891.jpg,53
892.jpg,13
893.jpg,55
894.jpg,0
895.jpg,92
896.jpg,53
897.jpg,89
898.jpg,92
899.jpg,0
900.jpg,23
901.jpg,99
902.jpg,93
903.jpg,33
904.jpg,27
905.jpg,33
906.jpg,18
907.jpg,91
908.jpg,98
909.jpg,0
910.jpg,43
911.jpg,57
912.jpg,87
913.jpg,12
914.jpg,49
915.jpg,51
916.jpg,0
917.jpg,93
918.jpg,91
919.jpg,12
920.jpg,16
921.jpg,96
922.jpg,26
923.jpg,51
924.jpg,45
925.jpg,54
926.jpg,72
927.jpg,87
928.jpg,55
929.jpg,12
930.jpg,65
931.jpg,91
932.jpg,86
933.jpg,33
934.jpg,33
935.jpg,57
936.jpg,0
937.jpg,49
938.jpg,58
939.jpg,23
940.jpg,49
941.jpg,87
942.jpg,58
943.jpg,63
944.jpg,14
945.jpg,94
946.jpg,92
947.jpg,12
948.jpg,88
949.jpg,24
950.jpg,95
951.jpg,50
952.jpg,48
953.jpg,33
954.jpg,87
955.jpg,41
956.jpg,49
957.jpg,54
958.jpg,62
959.jpg,57
960.jpg,98
961.jpg,49
962.jpg,87
963.jpg,23
964.jpg,49
965.jpg,53
966.jpg,91
967.jpg,75
968.jpg,0
969.jpg,49
970.jpg,63
971.jpg,57
972.jpg,86
973.jpg,65
974.jpg,48
975.jpg,17
976.jpg,87
977.jpg,88
978.jpg,51
979.jpg,33
980.jpg,90
981.jpg,48
982.jpg,88
983.jpg,53
984.jpg,33
985.jpg,38
986.jpg,53
987.jpg,45
988.jpg,66
989.jpg,33
990.jpg,26
991.jpg,97
992.jpg,53
993.jpg,53
994.jpg,54
995.jpg,58
996.jpg,17
997.jpg,91
998.jpg,93
999.jpg,93
